N°;Nom du Ravitaillement;Distance (km);Barrière Horaire;Type de Poste;Pause 1er (min);Pause Dern. (min);Accès Véhicule;Couverture Réseau;Médical;Dortoir
1;"Stade de Basse Vallée (DÉPART)";0;"";DEPART;0;0;ROUTE;GSM;Oui;Non
2;"Camphrier";10.447;"jeu 09:00";COMPLET;2;12;ROUTE;GSM;Non;Non
3;"Foc foc";25.021;"jeu 16:00";COMPLET;4;20;ROUTE;ZONE_BLANCHE;Oui;Non
4;"Parking nez de boeuf";40.526;"";COMPLET;3;25;ROUTE;GSM;Oui;Non
5;"Horloge";54.474;"ven 00:15";COMPLET;2;15;ROUTE;GSM;Non;Non
6;"Gd bassin";58.672;"ven 02:00";EAU;2;45;HELICO;GSM;Oui;Oui
7;"Mare a boue";66.135;"ven 05:15";COMPLET;2;15;PIETON;ZONE_BLANCHE;Non;Non
8;"Parking marsoin";74.686;"";COMPLET;5;30;INTERDIT;GSM;Oui;Non
9;"Hell bourg";87.522;"ven 09:15";BASE_VIE;3;20;ROUTE;GSM;Non;Non
10;"Gite dufour 1";95.166;"";EAU;2;10;HELICO;GSM;Non;Non
11;"Sommet piton";98.214;"";EAU;1;5;HELICO;GSM;Oui;Non
12;"Gite dufour 2";101.27;"";EAU;2;10;HELICO;GSM;Oui;Non
13;"Cilaos";110.811;"ven 23:00";BASE_VIE;12;45;ROUTE;GSM;Oui;Non
14;"Pied taibit";117.97;"sam 01:30";COMPLET;2;15;ROUTE;GSM;Non;Oui
15;"Marla";124.134;"";COMPLET;4;25;HELICO;GSM;Oui;Non
16;"La nouvelle";130.827;"";COMPLET;4;20;HELICO;GSM;Oui;Non
17;"Roche plate";140.049;"";COMPLET;3;18;HELICO;GSM;Non;Non
18;"Maido";147.476;"sam 13:45";COMPLET;0;25;PIETON;ZONE_BLANCHE;Oui;Non
19;"Tamarin";162.201;"";COMPLET;2;5;PIETON;GSM;Oui;Non
20;"Piton oranger";172.308;"";COMPLET;2;15;PIETON;GSM;Oui;Oui
21;"Halte la";189.71;"dim 09:00";BASE_VIE;10;55;PIETON;GSM;Non;Oui
22;"Cap noir";197.898;"";COMPLET;3;10;ROUTE;GSM;Oui;Non
23;"Colorado";213.424;"dim 14:30";COMPLET;3;15;ROUTE;GSM;Oui;Non
24;"La Redoute - Saint-Denis (ARRIVÉE)";220.341;"";COMPLET;0;0;ROUTE;GSM;Non;Non